{"type":"spritesheet","width":370,"height":334,"region":{"enemy.png":{"l":0.5027027027027027,"r":0.827027027027027,"t":0,"b":0.23652694610778444},"hero.png":{"l":0,"r":0.5027027027027027,"t":0,"b":0.38922155688622756},"bullet.png":{"l":0,"r":0.16756756756756758,"t":0.38922155688622756,"b":0.7125748502994012},"explosion4.png":{"l":0.5027027027027027,"r":0.6756756756756757,"t":0.23652694610778444,"b":0.38023952095808383},"explosion5.png":{"l":0.16756756756756758,"r":0.34054054054054056,"t":0.38922155688622756,"b":0.5329341317365269},"explosion6.png":{"l":0.34054054054054056,"r":0.5135135135135135,"t":0.38922155688622756,"b":0.5329341317365269},"explosion7.png":{"l":0.5135135135135135,"r":0.6864864864864865,"t":0.38922155688622756,"b":0.5329341317365269},"explosion8.png":{"l":0.16756756756756758,"r":0.34054054054054056,"t":0.5329341317365269,"b":0.6766467065868264},"explosion9.png":{"l":0.34054054054054056,"r":0.5135135135135135,"t":0.5329341317365269,"b":0.6766467065868264},"explosion10.png":{"l":0.5135135135135135,"r":0.6864864864864865,"t":0.5329341317365269,"b":0.6766467065868264},"explosion11.png":{"l":0,"r":0.17297297297297298,"t":0.7125748502994012,"b":0.8562874251497006},"explosion12.png":{"l":0.34594594594594597,"r":0.518918918918919,"t":0.8562874251497006,"b":1},"explosion13.png":{"l":0.34594594594594597,"r":0.518918918918919,"t":0.7125748502994012,"b":0.8562874251497006},"explosion14.png":{"l":0.518918918918919,"r":0.6918918918918919,"t":0.7125748502994012,"b":0.8562874251497006},"explosion15.png":{"l":0.827027027027027,"r":1,"t":0,"b":0.1437125748502994},"explosion16.png":{"l":0.827027027027027,"r":1,"t":0.1437125748502994,"b":0.2874251497005988},"explosion17.png":{"l":0.827027027027027,"r":1,"t":0.2874251497005988,"b":0.4311377245508982},"explosion18.png":{"l":0.827027027027027,"r":1,"t":0.4311377245508982,"b":0.5748502994011976},"explosion19.png":{"l":0.827027027027027,"r":1,"t":0.5748502994011976,"b":0.718562874251497},"explosion1.png":{"l":0,"r":0.17297297297297298,"t":0.8562874251497006,"b":1},"explosion3.png":{"l":0.17297297297297298,"r":0.34594594594594597,"t":0.8562874251497006,"b":1},"explosion2.png":{"l":0.17297297297297298,"r":0.34594594594594597,"t":0.7125748502994012,"b":0.8562874251497006}}}